region,frame_id,sensor,time_iso,ny,nx,bbox_W,bbox_S,bbox_E,bbox_N,finite_pct,min,median,max,top10_median,bot10_median,orientation_class,row_order_present,row_order_value,producer_git_sha_present,model_version,qa_gate
usec_md,usec_md_20260509_2026129.1636_chl_PACE-OCI.json,PACE-OCI,20260509,594,891,-77.0,35.0,-71.0,39.0,0.04,0.0761,0.1101,0.8201,,,?,NO,,NO,,REJECT
usec_md,usec_md_20260510_2026130.1445_chl_S3B.json,S3B,20260510,743,743,-77.0,35.0,-71.0,39.0,42.98,0.0566,0.6036,19.9838,0.842,0.5883,flat,NO,,NO,,WARN
usec_md,usec_md_20260510_2026130.1711_chl_PACE-OCI.json,PACE-OCI,20260510,594,891,-77.0,35.0,-71.0,39.0,5.86,0.0493,0.3738,1.0319,0.2229,0.4577,north_up,NO,,NO,,PASS
usec_md,usec_md_20260511_2026131.1432_chl_S3A-S3B.json,S3A-S3B,20260511,743,743,-77.0,35.0,-71.0,39.0,7.66,0.0194,0.1316,0.8457,0.1175,,?,NO,,NO,,PASS
usec_md,usec_md_20260511_2026131.1746_chl_PACE-OCI.json,PACE-OCI,20260511,594,891,-77.0,35.0,-71.0,39.0,0.12,0.0483,0.0833,0.1307,,,?,NO,,NO,,REJECT
usec_md,usec_md_20260512_2026132.1431_chl_S3A.json,S3A,20260512,743,743,-77.0,35.0,-71.0,39.0,70.79,0.01,0.5292,19.9944,0.1477,0.9036,north_up,NO,,NO,,PASS
usec_md,usec_md_20260512_2026132.1732_chl_PACE-OCI.json,PACE-OCI,20260512,742,742,-77.0,35.0,-71.0,39.0,50.08,0.0566,0.4103,1.043,0.1422,0.7107,north_up,NO,,NO,,PASS
usec_md,usec_md_20260513_2026133.1507_chl_S3B.json,S3B,20260513,743,743,-77.0,35.0,-71.0,39.0,3.46,0.2393,6.5541,19.9628,7.3981,,?,NO,,NO,,PASS
usec_md,usec_md_20260513_2026133.1717_chl_PACE-OCI.json,PACE-OCI,20260513,594,891,-77.0,35.0,-71.0,39.0,4.29,0.0374,0.2878,1.033,0.096,0.4582,north_up,NO,,NO,,PASS
usec_md,usec_md_20260514_2026134.1441_chl_S3B.json,S3B,20260514,743,743,-77.0,35.0,-71.0,39.0,15.68,0.01,0.122,19.9424,0.114,,?,NO,,NO,,PASS
usec_md,usec_md_20260514_2026134.1752_chl_PACE-OCI.json,PACE-OCI,20260514,742,742,-77.0,35.0,-71.0,39.0,62.05,0.0342,0.1891,1.0284,0.0894,0.9207,north_up,NO,,NO,,PASS
usec_md,usec_md_20260515_2026135.1434_chl_S3A-S3B.json,S3A-S3B,20260515,743,743,-77.0,35.0,-71.0,39.0,42.42,0.01,0.5324,19.9453,0.1075,1.3862,north_up,NO,,NO,,PASS
usec_md,usec_md_20260515_2026135.1738_chl_PACE-OCI.json,PACE-OCI,20260515,742,742,-77.0,35.0,-71.0,39.0,29.71,0.0162,0.4593,1.0306,0.0823,0.657,north_up,NO,,NO,,PASS
usec_md,usec_md_20260516_2026136.1427_chl_S3A.json,S3A,20260516,743,743,-77.0,35.0,-71.0,39.0,72.32,0.0196,0.4162,19.9803,0.1229,0.8084,north_up,NO,,NO,,PASS
usec_md,usec_md_20260517_2026137.1503_chl_S3B.json,S3B,20260517,743,743,-77.0,35.0,-71.0,39.0,11.88,0.0422,1.1631,19.9474,3.9427,5.9706,flat,NO,,NO,,PASS
usec_md,usec_md_20260517_2026137.1758_chl_PACE-OCI.json,PACE-OCI,20260517,742,742,-77.0,35.0,-71.0,39.0,64.9,0.0687,0.3136,1.036,0.1087,0.8531,north_up,NO,,NO,,PASS
usec_md,usec_md_20260518_2026138.1437_chl_S3B.json,S3B,20260518,743,743,-77.0,35.0,-71.0,39.0,71.28,0.01,0.3097,19.9859,0.0981,0.9415,north_up,NO,,NO,,PASS
usec_md,usec_md_20260518_2026138.1655_chl_PACE-OCI.json,PACE-OCI,20260518,594,891,-77.0,35.0,-71.0,39.0,4.33,0.0326,0.1382,1.026,0.0728,0.4451,north_up,NO,,NO,,PASS
usec_md,usec_md_20260519_2026139.1424_chl_S3A-S3B.json,S3A-S3B,20260519,743,743,-77.0,35.0,-71.0,39.0,50.94,0.0326,0.3947,19.9874,0.0851,1.0751,north_up,NO,,NO,,PASS
usec_md,usec_md_20260519_2026139.1730_chl_PACE-OCI.json,PACE-OCI,20260519,594,891,-77.0,35.0,-71.0,39.0,8.89,0.037,0.1493,1.0255,0.0635,0.4336,north_up,NO,,NO,,PASS
usec_md,usec_md_20260520_2026140.1423_chl_S3A.json,S3A,20260520,743,743,-77.0,35.0,-71.0,39.0,55.87,0.0226,0.1975,19.5512,0.0693,0.9351,north_up,NO,,NO,,PASS
usec_md,usec_md_20260520_2026140.1715_chl_PACE-OCI.json,PACE-OCI,20260520,742,742,-77.0,35.0,-71.0,39.0,68.16,0.0295,0.315,1.0421,0.0631,0.946,north_up,NO,,NO,,PASS
usec_md,usec_md_20260521_2026141.1459_chl_S3B.json,S3B,20260521,743,743,-77.0,35.0,-71.0,39.0,16.94,0.01,0.4891,19.9733,,0.5426,?,NO,,NO,,PASS
usec_md,usec_md_20260521_2026141.1701_chl_PACE-OCI.json,PACE-OCI,20260521,594,891,-77.0,35.0,-71.0,39.0,1.91,0.0207,0.0687,1.0213,0.0666,,?,NO,,NO,,PASS
usec_md,usec_md_20260522_2026142.1433_chl_S3B.json,S3B,20260522,743,743,-77.0,35.0,-71.0,39.0,7.65,0.0114,0.0981,15.8818,0.0966,1.0069,north_up,NO,,NO,,PASS
usec_md,usec_md_20260522_2026142.1736_chl_PACE-OCI.json,PACE-OCI,20260522,594,891,-77.0,35.0,-71.0,39.0,0.58,0.025,0.0601,0.2117,0.0628,,?,NO,,NO,,REJECT
usec_md,usec_md_20260523_2026143.1446_chl_S3A.json,S3A,20260523,743,743,-77.0,35.0,-71.0,39.0,13.43,0.01,0.1073,16.8232,0.0793,,?,NO,,NO,,PASS
usec_md,usec_md_20260523_2026143.1721_chl_PACE-OCI.json,PACE-OCI,20260523,742,742,-77.0,35.0,-71.0,39.0,5.68,0.0199,0.0539,0.3443,0.0545,,?,NO,,NO,,PASS
usec_md,usec_md_20260524_2026144.1419_chl_S3A.json,S3A,20260524,743,743,-77.0,35.0,-71.0,39.0,0.16,0.0552,0.0963,0.1538,0.0955,,?,NO,,NO,,REJECT
usec_md,usec_md_20260524_2026144.1707_chl_PACE-OCI.json,PACE-OCI,20260524,594,891,-77.0,35.0,-71.0,39.0,0.02,0.0422,0.3,0.5428,0.0784,0.3,north_up,NO,,NO,,REJECT
usec_md,usec_md_20260525_2026145.1455_chl_S3B.json,S3B,20260525,743,743,-77.0,35.0,-71.0,39.0,6.94,0.0322,0.35,19.705,,0.3929,?,NO,,NO,,PASS
usec_md,usec_md_20260525_2026145.1742_chl_PACE-OCI.json,PACE-OCI,20260525,594,891,-77.0,35.0,-71.0,39.0,1.22,0.039,0.0663,0.9983,0.061,,?,NO,,NO,,PASS
usec_md,usec_md_20260525_2026145.1742_chl_S3X.json,S3X,20260525,742,742,-77.0,35.0,-71.0,39.0,7.87,0.0411,0.0707,1.0253,0.0673,,?,NO,,NO,,PASS
usec_md,usec_md_20260526_2026146.1510_chl_S3A-S3B.json,S3A-S3B,20260526,742,742,-77.0,35.0,-71.0,39.0,73.67,0.0187,0.334,19.9983,0.7723,0.0875,south_up,NO,,NO,,WARN
usec_md,usec_md_20260526_2026146.1638_chl_S3X.json,S3X,20260526,742,742,-77.0,35.0,-71.0,39.0,0.01,0.6558,0.7012,0.9328,,0.7012,?,NO,,NO,,REJECT
usec_md,usec_md_20260526_2026146.1728_chl_PACE-OCI.json,PACE-OCI,20260526,742,742,-77.0,35.0,-71.0,39.0,3.71,0.0104,0.7967,1.0319,0.0206,0.8724,north_up,NO,,NO,,PASS
usec_md,usec_md_20260527_2026147.1532_chl_S3A.json,S3A,20260527,742,742,-77.0,35.0,-71.0,39.0,27.18,0.01,0.1742,19.9111,,0.068,?,NO,,NO,,PASS
usec_md,usec_md_20260527_2026147.1713_chl_PACE-OCI.json,PACE-OCI,20260527,594,891,-77.0,35.0,-71.0,39.0,1.82,0.0327,0.0555,1.0279,0.0601,,?,NO,,NO,,PASS
usec_md,usec_md_20260528_2026148.1523_chl_S3A-S3B.json,S3A-S3B,20260528,742,742,-77.0,35.0,-71.0,39.0,63.82,0.0126,0.2828,19.8565,0.0641,0.5839,north_up,NO,,NO,,PASS
usec_md,usec_md_20260528_2026148.1748_chl_PACE-OCI.json,PACE-OCI,20260528,742,742,-77.0,35.0,-71.0,39.0,69.74,0.0225,0.3263,1.0268,0.0655,0.6832,north_up,NO,,NO,,PASS
usec_md,usec_md_20260528_2026148.1748_chl_S3X.json,S3X,20260528,742,742,-77.0,35.0,-71.0,39.0,37.5,0.0283,0.2506,1.0211,0.0775,0.3159,north_up,NO,,NO,,PASS
usec_md,usec_md_20260529_2026149.1529_chl_S3B.json,S3B,20260529,742,742,-77.0,35.0,-71.0,39.0,80.83,0.0299,0.476,19.9992,0.0847,0.7007,north_up,NO,,NO,,PASS
usec_md,usec_md_20260529_2026149.1645_chl_S3X.json,S3X,20260529,742,742,-77.0,35.0,-71.0,39.0,28.86,0.0466,0.1864,1.0295,0.0603,0.8093,north_up,NO,,NO,,PASS
usec_md,usec_md_20260529_2026149.1734_chl_PACE-OCI.json,PACE-OCI,20260529,742,742,-77.0,35.0,-71.0,39.0,61.46,0.0247,0.3082,1.0415,0.0741,0.8286,north_up,NO,,NO,,PASS
usec_md,usec_md_20260530_2026150.1516_chl_S3A-S3B.json,S3A-S3B,20260530,742,742,-77.0,35.0,-71.0,39.0,61.71,0.0151,0.4314,19.9967,0.0954,0.7662,north_up,NO,,NO,,PASS
usec_md,usec_md_20260530_2026150.1719_chl_PACE-OCI.json,PACE-OCI,20260530,594,891,-77.0,35.0,-71.0,39.0,5.15,0.0321,0.2889,1.038,0.3451,0.4256,flat,NO,,NO,,PASS
usec_md,usec_md_20260531_2026151.1543_chl_S3A.json,S3A,20260531,742,742,-77.0,35.0,-71.0,39.0,84.48,0.0187,0.5072,19.9998,0.0738,0.7682,north_up,NO,,NO,,PASS
usec_md,usec_md_20260531_2026151.1705_chl_PACE-OCI.json,PACE-OCI,20260531,742,742,-77.0,35.0,-71.0,39.0,43.48,0.0238,0.3834,1.0362,0.0744,0.9451,north_up,NO,,NO,,PASS
usec_md,usec_md_20260531_2026151.1754_chl_S3X.json,S3X,20260531,742,742,-77.0,35.0,-71.0,39.0,23.21,0.0491,0.3127,1.0173,0.1225,,?,NO,,NO,,PASS
usec_md,usec_md_20260601_2026152.1508_chl_S3A-S3B.json,S3A-S3B,20260601,742,742,-77.0,35.0,-71.0,39.0,22.15,0.01,0.2703,13.4898,0.0652,0.8357,north_up,NO,,NO,,PASS
usec_md,usec_md_20260601_2026152.1651_chl_PACE-OCI.json,PACE-OCI,20260601,594,891,-77.0,35.0,-71.0,39.0,0.41,0.0282,0.063,0.5214,0.058,,?,NO,,NO,,REJECT
usec_md,usec_md_20260602_2026153.1606_chl_S3B.json,S3B,20260602,742,742,-77.0,35.0,-71.0,39.0,43.81,0.0132,0.6263,19.9984,0.6926,0.8413,flat,NO,,NO,,PASS
usec_md,usec_md_20260602_2026153.1725_chl_PACE-OCI.json,PACE-OCI,20260602,594,891,-77.0,35.0,-71.0,39.0,4.16,0.0252,0.357,1.0295,0.1783,0.5115,north_up,NO,,NO,,PASS
usec_md,usec_md_20260603_2026154.1521_chl_S3A-S3B.json,S3A-S3B,20260603,742,742,-77.0,35.0,-71.0,39.0,73.94,0.0133,0.4297,19.9926,0.0931,0.6592,north_up,NO,,NO,,PASS
usec_md,usec_md_20260603_2026154.1800_chl_PACE-OCI.json,PACE-OCI,20260603,742,742,-77.0,35.0,-71.0,39.0,24.27,0.045,0.335,1.0274,0.311,0.771,north_up,NO,,NO,,PASS
usec_md,usec_md_20260604_2026155.1521_chl_S3A.json,S3A,20260604,742,742,-77.0,35.0,-71.0,39.0,76.15,0.01,0.4014,19.9698,0.0915,0.6465,north_up,NO,,NO,,PASS
usec_md,usec_md_20260604_2026155.1657_chl_PACE-OCI.json,PACE-OCI,20260604,742,742,-77.0,35.0,-71.0,39.0,33.5,0.0347,0.3264,1.0199,0.6884,0.2677,south_up,NO,,NO,,WARN
usec_md,usec_md_20260605_2026156.1557_chl_S3B.json,S3B,20260605,742,742,-77.0,35.0,-71.0,39.0,39.63,0.0147,0.1724,19.5464,0.0701,0.5847,north_up,NO,,NO,,PASS
usec_md,usec_md_20260605_2026156.1731_chl_PACE-OCI.json,PACE-OCI,20260605,742,742,-77.0,35.0,-71.0,39.0,38.1,0.0467,0.1653,0.9771,0.5847,0.0701,south_up,NO,,NO,,WARN
usec_md,usec_md_20260606_2026157.1600_chl_S3B.json,S3B,20260606,742,742,-77.0,35.0,-71.0,39.0,71.38,0.01,0.3356,19.961,0.0863,0.6382,north_up,NO,,NO,,PASS
usec_md,usec_md_20260606_2026157.1628_chl_PACE-OCI.json,PACE-OCI,20260606,742,742,-77.0,35.0,-71.0,39.0,0.93,0.3152,0.5058,0.6341,0.5536,,?,NO,,NO,,REJECT
usec_md,usec_md_20260607_2026158.1506_chl_S3A-S3B.json,S3A-S3B,20260607,742,742,-77.0,35.0,-71.0,39.0,51.84,0.01,0.3656,19.9733,0.0607,0.6389,north_up,NO,,NO,,PASS
usec_md,usec_md_20260607_2026158.1703_chl_PACE-OCI.json,PACE-OCI,20260607,742,742,-77.0,35.0,-71.0,39.0,0.96,0.3151,0.5028,1.0048,0.8918,,?,NO,,NO,,REJECT
usec_md,usec_md_20260608_2026159.1604_chl_S3A.json,S3A,20260608,742,742,-77.0,35.0,-71.0,39.0,65.86,0.01,0.3875,19.9453,0.0728,0.6331,north_up,NO,,NO,,PASS
usec_md,usec_md_20260608_2026159.1737_chl_PACE-OCI.json,PACE-OCI,20260608,742,742,-77.0,35.0,-71.0,39.0,20.45,0.0376,0.314,1.0281,0.647,0.0524,south_up,NO,,NO,,WARN
usec_md,usec_md_2026129.1718_chl_VNP.json,VNP,,742,742,-76.5,35.5,-71.5,40.5,14.11,0.0267,0.4528,16.4305,0.1174,0.9709,north_up,NO,,NO,008,PASS
usec_md,usec_md_2026129.1736_chl_VJ1.json,VJ1,,742,742,-76.5,35.5,-71.5,40.5,19.08,0.0226,0.1698,17.5386,0.1472,0.4783,north_up,NO,,NO,008,PASS
usec_md,usec_md_2026129.1824_chl_VJ2.json,VJ2,,742,742,-76.5,35.5,-71.5,40.5,16.94,0.0356,0.409,19.9541,0.3085,0.9618,north_up,NO,,NO,008,PASS
usec_md,usec_md_2026130.1718_chl_VJ1.json,VJ1,,742,742,-76.5,35.5,-71.5,40.5,70.68,0.01,0.2099,19.9992,0.1436,0.4307,north_up,NO,,NO,008,PASS
usec_md,usec_md_2026130.1806_chl_VJ2.json,VJ2,,742,742,-76.5,35.5,-71.5,40.5,74.37,0.01,0.2119,19.9977,0.0655,2.1915,north_up,NO,,NO,008,PASS
usec_md,usec_md_2026130.1836_chl_VNP.json,VNP,,742,742,-76.5,35.5,-71.5,40.5,75.42,0.01,0.1945,19.9982,0.2002,0.422,north_up,NO,,NO,008,PASS
usec_md,usec_md_2026131.1700_chl_VJ1.json,VJ1,,742,742,-76.5,35.5,-71.5,40.5,7.39,0.01,0.0226,12.6807,0.0206,,?,NO,,NO,008,PASS
usec_md,usec_md_2026131.1748_chl_VJ2.json,VJ2,,742,742,-76.5,35.5,-71.5,40.5,7.45,0.01,0.0624,8.8049,0.0776,,?,NO,,NO,008,PASS
usec_md,usec_md_2026132.1730_chl_VJ2.json,VJ2,,742,742,-76.5,35.5,-71.5,40.5,67.92,0.01,0.1493,10.0,0.3965,0.7096,flat,NO,,NO,multi_day_120_130,PASS
usec_md,usec_md_2026132.1800_chl_VNP.json,VNP,,742,742,-76.5,35.5,-71.5,40.5,80.66,0.01,0.2183,10.0,0.1737,0.4411,north_up,NO,,NO,multi_day_120_130,PASS
usec_md,usec_md_2026132.1818_chl_VJ1.json,VJ1,,742,742,-76.5,35.5,-71.5,40.5,80.13,0.01,0.8566,5.1089,0.2556,1.9896,north_up,NO,,NO,multi_day_120_130,PASS
usec_md,usec_md_2026133.1742_chl_VNP.json,VNP,,742,742,-76.5,35.5,-71.5,40.5,71.83,0.01,0.72,10.0,0.2744,0.9545,north_up,NO,,NO,multi_day_120_130,PASS
usec_md,usec_md_2026133.1800_chl_VJ1.json,VJ1,,742,742,-76.5,35.5,-71.5,40.5,72.71,0.01,0.6167,10.0,0.0995,1.3293,north_up,NO,,NO,multi_day_120_130,PASS
usec_md,usec_md_2026133.1848_chl_VJ2.json,VJ2,,742,742,-76.5,35.5,-71.5,40.5,62.27,0.01,0.38,3.3871,0.1225,0.713,north_up,NO,,NO,multi_day_120_130,PASS
usec_md,usec_md_2026134.1724_chl_VNP.json,VNP,,742,742,-76.5,35.5,-71.5,40.5,35.79,0.01,0.4724,3.3755,0.129,0.9689,north_up,NO,,NO,multi_day_120_130,PASS
usec_md,usec_md_2026134.1742_chl_VJ1.json,VJ1,,742,742,-76.5,35.5,-71.5,40.5,38.28,0.01,0.2401,8.0703,0.2346,0.3287,flat,NO,,NO,multi_day_120_130,PASS
usec_md,usec_md_2026134.1830_chl_VJ2.json,VJ2,,742,742,-76.5,35.5,-71.5,40.5,37.55,0.01,0.3707,3.5483,0.033,1.0497,north_up,NO,,NO,multi_day_120_130,PASS
usec_md,usec_md_2026135.1706_chl_VNP.json,VNP,,742,742,-76.5,35.5,-71.5,40.5,60.01,0.01,1.2228,4.6843,0.1563,1.3847,north_up,NO,,NO,multi_day_120_130,PASS
usec_md,usec_md_2026135.1724_chl_VJ1.json,VJ1,,742,742,-76.5,35.5,-71.5,40.5,65.93,0.01,0.2804,10.0,0.031,0.4713,north_up,NO,,NO,multi_day_120_130,PASS
usec_md,usec_md_2026135.1812_chl_VJ2.json,VJ2,,742,742,-76.5,35.5,-71.5,40.5,68.01,0.01,0.3892,6.4378,0.0377,0.979,north_up,NO,,NO,multi_day_120_130,PASS
usec_md,usec_md_2026136.1706_chl_VJ1.json,VJ1,,742,742,-76.5,35.5,-71.5,40.5,81.22,0.01,0.2911,3.2062,0.01,0.7086,north_up,NO,,NO,multi_day_120_130,PASS
usec_md,usec_md_2026136.1754_chl_VJ2.json,VJ2,,742,742,-76.5,35.5,-71.5,40.5,79.78,0.01,0.1775,5.0165,0.1182,0.9182,north_up,NO,,NO,multi_day_120_130,PASS
usec_md,usec_md_2026136.1824_chl_VNP.json,VNP,,742,742,-76.5,35.5,-71.5,40.5,80.71,0.01,0.099,3.2245,0.01,0.7812,north_up,NO,,NO,multi_day_120_130,PASS
usec_md,usec_md_2026137.1736_chl_VJ2.json,VJ2,,742,742,-76.5,35.5,-71.5,40.5,75.6,0.01,0.2322,10.0,0.0318,0.8635,north_up,NO,,NO,multi_day_120_132_det41,PASS
usec_md,usec_md_2026137.1806_chl_VNP.json,VNP,,742,742,-76.5,35.5,-71.5,40.5,77.63,0.01,0.2085,3.0339,0.1092,0.6535,north_up,NO,,NO,multi_day_120_132_det41,PASS
usec_md,usec_md_2026137.1824_chl_VJ1.json,VJ1,,742,742,-76.5,35.5,-71.5,40.5,75.49,0.01,0.4633,10.0,0.0938,0.8895,north_up,NO,,NO,multi_day_120_132_det41,PASS
usec_md,usec_md_2026138.1748_chl_VNP.json,VNP,,742,742,-76.5,35.5,-71.5,40.5,79.2,0.01,0.3837,2.6882,0.1203,0.8738,north_up,NO,,NO,multi_day_120_132_det41,PASS
usec_md,usec_md_2026138.1806_chl_VJ1.json,VJ1,,742,742,-76.5,35.5,-71.5,40.5,81.49,0.01,0.4321,9.0,0.0934,0.9193,north_up,NO,,NO,multi_day_120_132_det41,PASS
usec_md,usec_md_2026138.1854_chl_VJ2.json,VJ2,,742,742,-76.5,35.5,-71.5,40.5,58.62,0.01,0.3645,9.0,0.0779,0.3546,north_up,NO,,NO,multi_day_120_132_det41,PASS
usec_md,usec_md_2026139.1654_chl_VJ2.json,VJ2,,742,742,-76.5,35.5,-71.5,40.5,75.54,0.01,0.3322,9.0,0.0327,0.6823,north_up,NO,,NO,multi_day_120_132_det41,PASS
usec_md,usec_md_2026139.1730_chl_VNP.json,VNP,,742,742,-76.5,35.5,-71.5,40.5,77.06,0.01,0.4982,3.023,0.1348,0.9196,north_up,NO,,NO,multi_day_120_132_det41,PASS
usec_md,usec_md_2026139.1748_chl_VJ1.json,VJ1,,742,742,-76.5,35.5,-71.5,40.5,77.2,0.01,0.2462,5.3339,0.1023,0.7911,north_up,NO,,NO,multi_day_120_132_det41,PASS
usec_md,usec_md_2026140.1730_chl_VJ1.json,VJ1,,742,742,-76.5,35.5,-71.5,40.5,79.49,0.01,0.4944,5.8448,0.01,0.5902,north_up,NO,,NO,multi_day_120_132_det41,PASS
usec_md,usec_md_2026140.1818_chl_VJ2.json,VJ2,,742,742,-76.5,35.5,-71.5,40.5,79.44,0.01,0.1532,9.0,0.0892,0.01,south_up,NO,,NO,multi_day_120_132_det41,WARN
usec_md,usec_md_2026140.1851_chl_VNP.json,VNP,,742,742,-76.5,35.5,-71.5,40.5,78.03,0.01,0.0656,3.1497,0.01,0.8289,north_up,NO,,NO,multi_day_120_132_det41,PASS
usec_md,usec_md_2026141.1712_chl_VJ1.json,VJ1,,742,742,-76.5,35.5,-71.5,40.5,38.94,0.01,0.2111,2.9396,0.2115,0.4867,north_up,NO,,NO,multi_day_120_132_det41,PASS
usec_md,usec_md_2026141.1800_chl_VJ2.json,VJ2,,742,742,-76.5,35.5,-71.5,40.5,36.9,0.01,0.0705,9.0,0.01,0.4894,north_up,NO,,NO,multi_day_120_132_det41,PASS
usec_md,usec_md_2026141.1830_chl_VNP.json,VNP,,742,742,-76.5,35.5,-71.5,40.5,31.12,0.01,0.0679,1.6086,0.022,0.4994,north_up,NO,,NO,multi_day_120_132_det41,PASS
usec_md,usec_md_2026142.1654_chl_VJ1.json,VJ1,,742,742,-76.5,35.5,-71.5,40.5,10.34,0.01,0.01,4.1425,0.01,0.5201,north_up,NO,,NO,multi_day_120_132_det41,PASS
usec_md,usec_md_2026142.1742_chl_VJ2.json,VJ2,,742,742,-76.5,35.5,-71.5,40.5,12.64,0.01,0.0528,9.0,0.0557,0.6778,north_up,NO,,NO,multi_day_120_132_det41,PASS
usec_md,usec_md_2026142.1812_chl_VNP.json,VNP,,742,742,-76.5,35.5,-71.5,40.5,12.06,0.01,0.1004,2.5193,0.0892,0.7778,north_up,NO,,NO,multi_day_120_132_det41,PASS
usec_md,usec_md_2026143.1721_chl_VJ2.json,VJ2,,742,742,-76.5,35.5,-71.5,40.5,19.4,0.01,0.01,6.5919,0.01,,?,NO,,NO,multi_day_120_132_det41,PASS
usec_md,usec_md_2026143.1754_chl_VNP.json,VNP,,742,742,-76.5,35.5,-71.5,40.5,16.47,0.01,0.0991,1.7102,0.0897,,?,NO,,NO,multi_day_120_132_det41,PASS
usec_md,usec_md_2026143.1812_chl_VJ1.json,VJ1,,742,742,-76.5,35.5,-71.5,40.5,21.45,0.01,0.081,1.6664,0.08,,?,NO,,NO,multi_day_120_132_det41,PASS
usec_md,usec_md_2026144.1736_chl_VNP.json,VNP,,742,742,-76.5,35.5,-71.5,40.5,6.51,0.01,0.3978,1.8707,0.1516,,?,NO,,NO,multi_day_120_132_det41,PASS
usec_md,usec_md_2026144.1754_chl_VJ1.json,VJ1,,742,742,-76.5,35.5,-71.5,40.5,8.42,0.01,0.3734,3.2212,0.0954,,?,NO,,NO,multi_day_120_132_det41,PASS
usec_md,usec_md_2026144.1842_chl_VJ2.json,VJ2,,742,742,-76.5,35.5,-71.5,40.5,5.27,0.01,0.1281,1.5029,0.01,,?,NO,,NO,multi_day_120_132_det41,PASS
usec_md,usec_md_2026145.1718_chl_VNP.json,VNP,,742,742,-76.5,35.5,-71.5,40.5,17.36,0.01,0.126,2.0806,0.0799,,?,NO,,NO,multi_day_120_132_det41,PASS
usec_md,usec_md_2026145.1736_chl_VJ1.json,VJ1,,742,742,-76.5,35.5,-71.5,40.5,18.5,0.01,0.1865,3.1093,0.0723,,?,NO,,NO,multi_day_120_132_det41,PASS
usec_md,usec_md_2026145.1824_chl_VJ2.json,VJ2,,742,742,-76.5,35.5,-71.5,40.5,15.54,0.01,0.01,1.1003,0.01,,?,NO,,NO,multi_day_120_132_det41,PASS
usec_md,usec_md_2026146.1806_chl_VJ2.json,VJ2,,742,742,-76.5,35.5,-71.5,40.5,30.11,0.01,0.1691,9.0,0.01,0.3466,north_up,NO,,NO,multi_day_120_132_det41,PASS
usec_md,usec_md_2026146.1839_chl_VNP.json,VNP,,742,742,-76.5,35.5,-71.5,40.5,26.72,0.01,0.1547,1.9313,0.0661,0.6958,north_up,NO,,NO,multi_day_120_132_det41,PASS
usec_md,usec_md_2026146.1857_chl_VJ1.json,VJ1,,742,742,-76.5,35.5,-71.5,40.5,18.83,0.01,0.3332,3.1143,0.0679,0.5375,north_up,NO,,NO,multi_day_120_132_det41,PASS
usec_md,usec_md_2026147.1700_chl_VJ1.json,VJ1,,742,742,-76.5,35.5,-71.5,40.5,19.07,0.01,0.0941,2.0872,0.0924,,?,NO,,NO,multi_day_120_132_det41,PASS
usec_md,usec_md_2026147.1748_chl_VJ2.json,VJ2,,742,742,-76.5,35.5,-71.5,40.5,22.96,0.01,0.1717,9.0,0.1519,,?,NO,,NO,multi_day_120_132_det41,PASS
usec_md,usec_md_2026147.1818_chl_VNP.json,VNP,,742,742,-76.5,35.5,-71.5,40.5,21.62,0.01,0.1728,1.7656,0.1637,,?,NO,,NO,multi_day_120_132_det41,PASS
usec_md,usec_md_2026148.1727_chl_VJ2.json,VJ2,,742,742,-76.5,35.5,-71.5,40.5,77.4,0.01,0.22,9.0,0.0155,0.5434,north_up,NO,,NO,multi_day_120_132_det41,PASS
usec_md,usec_md_2026148.1800_chl_VNP.json,VNP,,742,742,-76.5,35.5,-71.5,40.5,74.98,0.01,0.2777,1.6082,0.094,0.6891,north_up,NO,,NO,multi_day_120_132_det41,PASS
usec_md,usec_md_2026148.1818_chl_VJ1.json,VJ1,,742,742,-76.5,35.5,-71.5,40.5,74.03,0.01,0.3603,9.0,0.063,0.5469,north_up,NO,,NO,multi_day_120_132_det41,PASS
usec_md,usec_md_2026149.1709_chl_VJ2.json,VJ2,,742,742,-76.5,35.5,-71.5,40.5,81.85,0.01,0.3671,9.0,0.01,0.513,north_up,NO,,NO,multi_day_120_132_det41,PASS
usec_md,usec_md_2026149.1742_chl_VNP.json,VNP,,742,742,-76.5,35.5,-71.5,40.5,75.34,0.01,0.5132,4.8038,0.1249,0.9987,north_up,NO,,NO,multi_day_120_132_det41,PASS
usec_md,usec_md_2026149.1800_chl_VJ1.json,VJ1,,742,742,-76.5,35.5,-71.5,40.5,81.4,0.01,0.5157,4.6308,0.0366,0.7884,north_up,NO,,NO,multi_day_120_132_det41,PASS
usec_md,usec_md_2026150.1724_chl_VNP.json,VNP,,742,742,-76.5,35.5,-71.5,40.5,70.81,0.01,0.341,4.2044,0.1514,0.7466,north_up,NO,,NO,multi_day_120_132_det41,PASS
usec_md,usec_md_2026150.1742_chl_VJ1.json,VJ1,,742,742,-76.5,35.5,-71.5,40.5,72.09,0.01,0.4604,6.8799,0.06,0.6602,north_up,NO,,NO,multi_day_120_132_det41,PASS
usec_md,usec_md_2026150.1830_chl_VJ2.json,VJ2,,742,742,-76.5,35.5,-71.5,40.5,66.89,0.01,0.2791,9.0,0.1411,0.3009,north_up,NO,,NO,multi_day_120_132_det41,PASS
usec_md,usec_md_2026151.1706_chl_VNP.json,VNP,,742,742,-76.5,35.5,-71.5,40.5,77.98,0.01,0.3737,3.3539,0.1265,0.9004,north_up,NO,,NO,multi_day_120_132_det41,PASS
usec_md,usec_md_2026151.1724_chl_VJ1.json,VJ1,,742,742,-76.5,35.5,-71.5,40.5,79.62,0.01,0.5105,6.5105,0.01,0.6371,north_up,NO,,NO,multi_day_120_132_det41,PASS
usec_md,usec_md_2026151.1812_chl_VJ2.json,VJ2,,742,742,-76.5,35.5,-71.5,40.5,73.34,0.01,0.2698,9.0,0.0551,0.7522,north_up,NO,,NO,multi_day_120_132_det41,PASS
usec_md,usec_md_2026152.1706_chl_VJ1.json,VJ1,,742,742,-76.5,35.5,-71.5,40.5,46.09,0.01,0.4326,8.574,0.01,0.7091,north_up,NO,,NO,multi_day_120_132_det41,PASS
usec_md,usec_md_2026152.1754_chl_VJ2.json,VJ2,,742,742,-76.5,35.5,-71.5,40.5,46.45,0.01,0.372,9.0,0.01,0.5015,north_up,NO,,NO,multi_day_120_132_det41,PASS
usec_md,usec_md_2026153.1736_chl_VJ2.json,VJ2,,742,742,-76.5,35.5,-71.5,40.5,56.83,0.01,0.3754,9.0,0.4035,0.6521,flat,NO,,NO,multi_day_120_132_det41,PASS
usec_md,usec_md_2026153.1806_chl_VNP.json,VNP,,742,742,-76.5,35.5,-71.5,40.5,58.6,0.01,0.3803,2.0512,0.5563,0.5682,flat,NO,,NO,multi_day_120_132_det41,PASS
usec_md,usec_md_2026153.1827_chl_VJ1.json,VJ1,,742,742,-76.5,35.5,-71.5,40.5,58.05,0.01,0.6428,9.0,0.456,0.7867,flat,NO,,NO,multi_day_120_132_det41,PASS
usec_md,usec_md_2026154.1715_chl_VJ2.json,VJ2,,742,742,-76.5,35.5,-71.5,40.5,79.96,0.01,0.4143,9.0,0.01,0.4013,north_up,NO,,NO,multi_day_120_132_det41,PASS
usec_md,usec_md_2026154.1748_chl_VNP.json,VNP,,742,742,-76.5,35.5,-71.5,40.5,68.38,0.01,0.3925,2.3616,0.1073,0.4712,north_up,NO,,NO,multi_day_120_132_det41,PASS
usec_md,usec_md_2026154.1806_chl_VJ1.json,VJ1,,742,742,-76.5,35.5,-71.5,40.5,78.58,0.01,0.5868,9.0,0.0414,0.6919,north_up,NO,,NO,multi_day_120_132_det41,PASS
usec_md,usec_md_2026155.1730_chl_VNP.json,VNP,,742,742,-76.5,35.5,-71.5,40.5,80.67,0.01,0.1904,6.4359,0.0825,0.8675,north_up,NO,,NO,multi_day_120_132_det41,PASS
usec_md,usec_md_2026155.1748_chl_VJ1.json,VJ1,,742,742,-76.5,35.5,-71.5,40.5,69.45,0.01,0.2525,7.8502,0.0791,0.5637,north_up,NO,,NO,multi_day_120_132_det41,PASS
usec_md,usec_md_2026155.1836_chl_VJ2.json,VJ2,,742,742,-76.5,35.5,-71.5,40.5,80.09,0.01,0.2192,10.0,0.01,0.0626,north_up,NO,,NO,multi_day_120_132_det41,PASS
usec_md,usec_md_2026156.1712_chl_VNP.json,VNP,,742,742,-76.5,35.5,-71.5,40.5,77.25,0.01,0.3315,3.1001,0.1333,0.6861,north_up,NO,,NO,multi_day_120_132_det41,PASS
usec_md,usec_md_2026156.1730_chl_VJ1.json,VJ1,,742,742,-76.5,35.5,-71.5,40.5,79.86,0.01,0.4256,5.2315,0.01,0.679,north_up,NO,,NO,multi_day_120_132_det41,PASS
usec_md,usec_md_2026156.1818_chl_VJ2.json,VJ2,,742,742,-76.5,35.5,-71.5,40.5,80.34,0.01,0.4239,10.0,0.2483,0.2643,flat,NO,,NO,multi_day_120_132_det41,PASS
usec_md,usec_md_2026157.1654_chl_VNP.json,VNP,,742,742,-76.5,35.5,-71.5,40.5,52.98,0.01,0.3762,2.1319,0.2075,0.5519,north_up,NO,,NO,multi_day_120_132_det41,PASS
usec_md,usec_md_2026157.1712_chl_VJ1.json,VJ1,,742,742,-76.5,35.5,-71.5,40.5,58.02,0.01,0.3575,8.4339,0.1009,0.5315,north_up,NO,,NO,multi_day_120_132_det41,PASS
usec_md,usec_md_2026157.1800_chl_VJ2.json,VJ2,,742,742,-76.5,35.5,-71.5,40.5,58.47,0.01,0.2287,10.0,0.01,0.2311,north_up,NO,,NO,multi_day_120_132_det41,PASS
usec_md,usec_md_2026158.1742_chl_VJ2.json,VJ2,,742,742,-76.5,35.5,-71.5,40.5,68.01,0.01,0.2275,10.0,0.0347,0.6667,north_up,NO,,NO,multi_day_120_132_det41,PASS
usec_md,usec_md_2026158.1812_chl_VNP.json,VNP,,742,742,-76.5,35.5,-71.5,40.5,67.52,0.7222,1.2973,10.0,1.122,1.5308,flat,NO,,NO,multi_day_120_130,PASS
usec_md,usec_md_2026158.1833_chl_VJ1.json,VJ1,,742,742,-76.5,35.5,-71.5,40.5,64.38,0.01,0.3589,9.4861,0.1866,0.5354,north_up,NO,,NO,multi_day_120_132_det41,PASS
usec_md,usec_md_2026159.1721_chl_VJ2.json,VJ2,,742,742,-76.5,35.5,-71.5,40.5,69.93,0.0529,1.1235,6.6226,0.8731,1.6236,flat,NO,,NO,multi_day_120_130,PASS
usec_md,usec_md_2026159.1754_chl_VNP.json,VNP,,742,742,-76.5,35.5,-71.5,40.5,70.28,0.9751,1.4354,10.0,1.1013,1.6713,flat,NO,,NO,multi_day_120_130,PASS
